{"type": "block", "layer": 0, "block": 12, "features": [{"geom": {"polygons": [[[[-14.829371993061313, 15.60504916461827], [-14.772280703229857, 15.560099310172983], [-14.861772592052441, 15.446433536916823], [-14.898474637750098, 15.475332508697925], [-14.891842288569496, 15.483754344083], [-14.936393112172192, 15.518832140962642], [-14.94302194566366, 15.5104120634687], [-14.990206021084123, 15.547562359632341], [-14.983580703294075, 15.55597716366574], [-15.033218730323822, 15.59505933145778], [-15.039847563806074, 15.586641011805847], [-15.087031639226545, 15.623789550111104], [-15.080402805761677, 15.632209627654161], [-15.104560869559858, 15.651231268376327], [-15.110948878261926, 15.643117055867133], [-15.15825951855278, 15.65423190976487], [-15.155812598306435, 15.66465065708011], [-15.209272180361177, 15.677213975283664], [-15.211720858448514, 15.666786438741998], [-15.270183267381759, 15.680515208196402], [-15.267734589312843, 15.69094626038935], [-15.329236312218232, 15.705386957053475], [-15.331684990306588, 15.694955904827786], [-15.390147399224485, 15.708684674249444], [-15.387698721135108, 15.719115726491506], [-15.41926610160388, 15.726528558843055], [-15.393545313608497, 15.836065154158433], [-15.153602987141928, 15.77973501124603], [-15.148707388807225, 15.800583052895831], [-15.077975221835782, 15.783920440196662], [-15.082862030926664, 15.763107555403462], [-15.057079718336052, 15.757053537218697], [-14.842668332584863, 15.58816154768325], [-14.829371993061313, 15.60504916461827]]]], "centroids": [[-15.09298656637254, 15.670770083329435, 1.982107968674208]], "h": 0.3955151244402413}, "mtl": {"face": 0}}, {"geom": {"polygons": [[[[-15.07992818759697, 15.359915921867966], [-15.086247640387946, 15.36488886533303], [-15.048540107309066, 15.412774320914208], [-15.042224170267598, 15.40779786173238], [-15.035597094592568, 15.41621793925907], [-14.989281394613469, 15.379761991852291], [-14.947859535090224, 15.432369019114367], [-14.901545592953136, 15.395916587375236], [-14.962859226461456, 15.31803702262264], [-14.99656590429354, 15.344568177170698], [-15.056200795812941, 15.268787479332271], [-15.115141338587762, 15.315187555909025], [-15.07992818759697, 15.359915921867966]]]], "centroids": [[-15.014040241912546, 15.35559471153201, 2.035202808308728]], "h": 0.13183837481341376}, "mtl": {"face": 0}}, {"geom": {"polygons": [[[[-15.392385135916426, -1.812122047684173], [-15.38398791036147, -1.8278547604367905], [-15.368112812170587, -1.819381947567902], [-15.28909943740111, -1.9675067562679338], [-15.305793691341417, -1.9764348510035916], [-15.273205002937878, -2.0378047355903117], [-15.268638121610811, -2.0350308561322947], [-15.220074137858031, -2.126020428936262], [-15.236613701465995, -2.134858873565628], [-15.228191866068642, -2.1506390481180375], [-15.268557260738108, -2.172183196399449], [-15.258635983581815, -2.19077064937535], [-15.389843292032634, -2.260799678378851], [-15.250876855755447, -2.5211664058828607], [-15.261116302876514, -2.5266385773632067], [-15.23922761698992, -2.567592850138895], [-15.442968883564962, -2.6780013365817092], [-15.652769441842619, -2.287830060942184], [-15.708447424292382, -2.317678268997452], [-15.751966392895966, -2.2361406287980716], [-15.718962853099356, -2.2174898933460474], [-15.73935912859813, -2.1800530684270387], [-15.693414333887123, -2.1555311307359752], [-15.740631808378453, -2.067065823382384], [-15.697118113291692, -2.043811291909797], [-15.715468257235887, -2.0094313594546658], [-15.520113669118718, -1.9051647834281558], [-15.532742027604602, -1.8815375888106767], [-15.48627515292193, -1.8567027546685895], [-15.496853864106797, -1.8369094200100948], [-15.44657773934437, -1.8096979794412726], [-15.433557381460677, -1.8340968680114556], [-15.392385135916426, -1.812122047684173]]]], "centroids": [[-15.468990672528438, -2.2160739286698, 2.1362606563071838]], "h": 2.6367674962682752}, "mtl": {"face": 0}}, {"geom": {"polygons": [[[[-19.615003043742835, 6.019035227941885], [-19.6010738800157, 5.992938261107354], [-19.569550445666795, 6.009764353408266], [-19.520550516347225, 5.917957382759302], [-19.51607152730695, 5.920346294096485], [-19.504054898904144, 5.897830057496531], [-19.55418512252485, 5.871072140968841], [-19.56396225639677, 5.889388885832962], [-19.631217406006723, 5.853491933135341], [-19.65751476716821, 5.902764328388228], [-19.674057846465313, 5.893932915159656], [-19.706722122191987, 5.955132288727472], [-19.69017728506413, 5.963961944195894], [-19.69638775145292, 5.97559712019668], [-19.615003043742835, 6.019035227941885]]], [[[-20.17849080476266, 5.412649017546169], [-20.09439198439587, 5.4575355895971915], [-20.07113569510685, 5.413963885662666], [-20.155234515441922, 5.369077313628017], [-20.17849080476266, 5.412649017546169]]], [[[-19.742063595851185, 6.720798592119961], [-19.709779014647683, 6.660311145778232], [-19.751475097995375, 6.638777544565258], [-19.769419179727905, 6.672398087945395], [-19.762922184626724, 6.675864558318261], [-19.776967366149666, 6.7021689508375575], [-19.742063595851185, 6.720798592119961]]]], "centroids": [[-19.608626145721786, 5.936583519883007, 2.2861765153086515], [-20.12481324992811, 5.413306451588047, 2.364784864653996], [-19.744709627323953, 6.6791040858751325, 2.302423559170126]], "h": 0.13183837481341376}, "mtl": {"face": 0}}, {"geom": {"polygons": [[[[-18.42779320501219, 2.7233325029497326], [-18.6877661752324, 2.5845770080996693], [-18.715881148146256, 2.63725434912406], [-18.946756510106553, 2.514031172628031], [-18.94475608249441, 2.51028344710769], [-18.97619689811838, 2.493453839090015], [-19.28476021976963, 3.0715756597512445], [-19.25329655215552, 3.088368352988459], [-19.251259209795652, 3.084550313673062], [-19.180258092487932, 3.1224441783008507], [-19.17950397700855, 3.1228484826019542], [-19.184042732773392, 3.1313529367089026], [-19.180203599322137, 3.133483444844759], [-19.2451788239623, 3.255221242303611], [-19.19700332396935, 3.2808840214573634], [-19.210677600199645, 3.306502854429858], [-19.208756275587497, 3.3075276780578546], [-19.25503506086287, 3.3942333825784714], [-19.04469308629617, 3.506499911154243], [-18.96257535723335, 3.352642769930528], [-18.95966963944542, 3.3541931892039796], [-18.940454635796065, 3.318190765772842], [-18.788557491712833, 3.399262577118872], [-18.42779320501219, 2.7233325029497326]]]], "centroids": [[-18.89300879578581, 2.981933274413615, 2.14285941480729]], "h": 0.527353499253655}, "mtl": {"face": 0}}]}